{
  "feature_names": [
    "Unnamed: 0",
    "status_existing_acc",
    "duration_months",
    "amount",
    "saving_acc",
    "present_empl_since",
    "installment_rate_perc",
    "residence_since",
    "age",
    "no_existing_credits",
    "job",
    "no_people_liable",
    "telephone",
    "foreign_worker",
    "sex",
    "credit_history_A31",
    "credit_history_A32",
    "credit_history_A33",
    "credit_history_A34",
    "purpose_A41",
    "purpose_A410",
    "purpose_A42",
    "purpose_A43",
    "purpose_A44",
    "purpose_A45",
    "purpose_A46",
    "purpose_A48",
    "purpose_A49",
    "other_debtors_A102",
    "other_debtors_A103",
    "property_A122",
    "property_A123",
    "property_A124",
    "other_installment_plans_A142",
    "other_installment_plans_A143",
    "housing_A152",
    "housing_A153",
    "marital_status_divorced_separated_married",
    "marital_status_married_widowed",
    "marital_status_single",
    "age_group"
  ],
  "scaler_mean": [
    507.98375,
    1.59,
    20.8275,
    3185.84125,
    1.10875,
    2.415,
    2.995,
    2.84125,
    35.38625,
    1.41,
    1.905,
    1.16375,
    0.40125,
    0.035,
    0.3125,
    0.04,
    0.53125,
    0.07875,
    0.6925,
    0.1025,
    0.01,
    0.1875,
    0.71875,
    0.01,
    0.025,
    0.04625,
    0.00875,
    0.0975,
    0.045,
    0.05125,
    0.23625,
    0.32875,
    0.14375,
    0.05125,
    0.18125,
    0.27625,
    0.1025,
    0.3125,
    0.09,
    0.455,
    2.00875
  ],
  "scaler_scale": [
    287.66204735059773,
    1.2696062381699318,
    12.14661449746387,
    2769.2690874215255,
    1.5825370256332114,
    1.1990725582715989,
    1.1101689060679032,
    1.1095262220876088,
    11.370666688347693,
    0.5695612346359262,
    0.6488258626164689,
    0.37004856100246897,
    0.4901514434335572,
    0.18377975949489309,
    0.46351240544347894,
    0.19595917942265392,
    0.4990224819584785,
    0.26934817151783536,
    0.46145828630549174,
    0.3033047147671789,
    0.09949874371066138,
    0.3903123748998999,
    0.4496092053105675,
    0.09949874371066166,
    0.15612494995995885,
    0.21002604005217937,
    0.09313129173376697,
    0.29663740492392504,
    0.20730412441627877,
    0.22050722777269746,
    0.4247775152947716,
    0.4697589142315471,
    0.35083605501715726,
    0.2205072277726979,
    0.38522517765587416,
    0.4471419657111149,
    0.3033047147671794,
    0.46351240544347894,
    0.28618176042508237,
    0.4979708826829107,
    1.0179260471664904
  ],
  "threshold": 0.5,
  "target_col": "target",
  "model_type": "linear",
  "data_path": "data/german_credit_data/credit_data_validated.csv"
}